id,turn_number,generated_response
393,6,I agree.  I don't think celebrities are that interesting and it's really hard to keep up with them.
393,7,I think most people are the same way.  There is so much going on in the world that it's hard to keep up with everything.
393,8,Yeah.  I think that the world has its own problems that need to be dealt with.
393,9,I also think that celebrities are often overrated and that their problems are not as big as they make them out to be.
393,10,I think that's true.  People often focus on the wrong things.
393,11,"I think that if people spent more time focusing on important issues, the world would be a better place."
393,12,"Yeah, I agree.  There are so many problems in the world that need to be solved."
393,13,I think that people should focus on the things that matter and not get distracted by celebrity gossip.
393,14,I agree.  It's important to stay informed about the things that really matter.
393,15,"I think that if people spent more time focusing on the important issues, the world would be a better place."
394,6,I agree. It is surprising to see the older person feeling insecure about their relationship.
394,7,Perhaps it is because Jolie is so much younger and has more life experiences.
394,8,That could be a factor. The younger person may have different priorities and expectations.
394,9,It is also possible that Thornton feels threatened by Jolie's younger age and success.
394,10,That is an interesting point. The older person may feel overshadowed by the younger one.
394,11,It is a complex situation. Age differences can create power imbalances in relationships.
394,12,"Yes, and it can also lead to feelings of inadequacy or insecurity."
394,13,I wonder if Thornton and Jolie are still together.
394,14,I am not sure. It would be interesting to know how they resolved their differences.
394,15,I hope they found a way to navigate through their age gap and maintain a healthy relationship.
396,6,"I completely agree. The foster system plays a crucial role in the lives of these children, and it's essential that they receive the support and care they need to thrive."
396,7,Absolutely. It's heartbreaking to think about the challenges they face and the potential they might have if given the right opportunities and resources.
396,8,"Yes, it's a complex issue that requires a multi-faceted approach. We need to address the root causes of their difficulties and provide them with the necessary tools to overcome adversity."
396,9,I wonder what other solutions could be explored to improve the foster system and ensure that children like these have a better chance at a brighter future.
396,10,"That's a great question. Perhaps there could be more emphasis on preventive measures, such as early intervention and support for families at risk of having their children placed in foster care."
396,11,"Additionally, providing comprehensive training and resources for foster parents could help create a more nurturing and stable environment for these children."
396,12,"Absolutely. We also need to address the systemic issues that contribute to the over-reliance on foster care, such as lack of affordable housing and limited access to mental health services."
396,13,"Yes, it's a complex issue that requires collaboration and commitment from all stakeholders involved, including government agencies, social workers, and community organizations."
396,14,"I hope that by raising awareness about the challenges faced by children in the foster system, we can encourage policymakers to prioritize reforms and invest in initiatives that promote their well-being and success."
396,15,"That's a great point. By advocating for change and supporting organizations that work to improve the foster care system, we can make a real difference in the lives of these vulnerable children."
398,6,"I thought it was interesting that she said she wanted to help the child, but the child's father was not interested in helping the child."
398,7,"I agree, it was a bit odd."
398,8,I wonder if the father was just not ready to be a parent or if he was just not interested in the child.
398,9,"I don't know, it could be a combination of both."
398,10,I think it's important to have both parents involved in a child's life.
398,11,"Yes, but sometimes that's not possible."
398,12,That's true.
398,13,I think it's important for the child to have a stable and loving environment.
398,14,Definitely.
398,15,Agreed.
402,6,I agree.  It's amazing how they've been able to stay together despite the ups and downs.
402,7,It's definitely a testament to their commitment and love for each other.
402,8,I wonder what their secret is.  How do they manage to overcome the challenges that come their way?
402,9,"I think it's a combination of good communication, understanding, and a willingness to work through things."
402,10,"Yeah, those are all important factors in any successful relationship."
402,11,"It's also important to remember that no relationship is perfect, and there will always be challenges to overcome."
402,12,"Absolutely.  But as long as both parties are willing to put in the effort and make the relationship a priority, it can withstand anything."
402,13,I think that's a great way to look at it.  Love and commitment are key to a lasting relationship.
402,14,"Definitely.  And it's not just about the big moments, but also the little things that make a relationship strong."
402,15,I couldn't agree more.  It's the little gestures and acts of kindness that really show how much you care.
403,6,It is amazing how someone can take such a bad situation and turn it into something positive.
403,7,"I agree, it's inspiring to see how Sheldon has made a difference in the lives of others."
403,8,I wonder how many other people have gone through the same experience and have similar stories to tell.
403,9,I'm sure there are many.  It's a common issue that doesn't get the attention it deserves.
403,10,It's sad that there isn't more awareness about the foster care system and the challenges that children face when they leave it.
403,11,"Yes, it's important for people to understand the realities of the system and the impact it can have on children."
403,12,I wonder what can be done to improve the system and ensure that more children have positive outcomes.
403,13,That's a great question.  I think it starts with raising awareness and advocating for change.
403,14,"I agree, it's important for people to speak out and demand better for children in the foster care system."
403,15,"Yes, and it's also important for society to provide support and resources for these children to help them succeed."
404,6,it is marriage life
404,7,marriage life is very complicated
404,8,I think that the article is about the fact that the pressure to make things work is enormous for both parties
404,9,and that they can't live without each other
404,10,"Yes, the pressure to make things work is enormous for both parties"
404,11,and that they can't live without each other
404,12,but then again I also think that it is also about the fact that the two of them are very different
404,13,"yes, the two of them are very different"
404,14,I think that the article is also about the fact that they have different views on how to raise children
404,15,and that they have different views on how to deal with the media
412,6,I agree. The situation in Burma is complex and requires a comprehensive approach to address the underlying issues.
412,7,It's unfortunate that the Rohingya people are being targeted based on their ethnicity. It's a clear violation of human rights.
412,8,Absolutely. The international community needs to take action to ensure the safety and well-being of the Rohingya population.
412,9,The situation in Burma highlights the importance of diplomacy and dialogue in resolving conflicts and promoting peace.
412,10,"Yes, it's crucial to engage in constructive conversations and find common ground to address the root causes of violence and discrimination."
412,11,The situation in Burma also raises questions about the role of governments and international organizations in protecting vulnerable populations.
412,12,"Indeed, it's essential for governments to uphold human rights and provide assistance to those affected by violence and persecution."
412,13,I hope that the international community can work together to find a peaceful resolution and support the people of Burma.
412,14,"Yes, it's important for all stakeholders to come together and prioritize the well-being and safety of the Rohingya people."
412,15,"I believe that through collective efforts and a commitment to justice and equality, we can make a positive difference in the lives of those affected by the situation in Burma."
413,6,"Yes, the power dynamics in Burma are quite different from those in the U.S. It's interesting to see how the military's influence can impact the political landscape and the challenges faced by leaders like Aung San Suu Kyi."
413,7,"Absolutely. Understanding the context and specific circumstances of a country is crucial in order to fully comprehend and analyze its political situation. It requires a deeper understanding of the history, culture, and dynamics at play."
413,8,I agree. It's important to approach these issues with an open mind and a willingness to learn and explore different perspectives. This can help us gain a more nuanced understanding of the complexities involved.
413,9,"Definitely. It's also important to recognize that there are no easy solutions or quick fixes when it comes to addressing political challenges in countries like Burma. It requires long-term commitment, dialogue, and cooperation from various stakeholders."
413,10,"Absolutely. By engaging in informed discussions and seeking out diverse viewpoints, we can contribute to a more comprehensive understanding of these issues and potentially contribute to positive change."
413,11,I was also intrigued by the role of the military in the political process and its influence on the country's governance.
413,12,Absolutely. The military's power and autonomy in Burma make it difficult for the president to exert full control over their actions.
413,13,"It's interesting to compare this to the U.S., where the president is the commander-in-chief and has more direct control over the military."
413,14,"Yes, the power dynamics in Burma are quite different. It highlights the unique challenges faced by leaders in a country with a history of military rule."
413,15,It
416,6,"I'm not sure, but it seems like the perpetrator was in a desperate and violent state of mind. The fact that he was able to access a gun and carry out such a heinous act is alarming."
416,7,"Yes, it's a clear indication of a disturbed individual with no regard for human life. It's unsettling to think about the potential reasons behind his actions."
416,8,I wonder if he had any previous violent tendencies or if this was an isolated incident.
416,9,"It's hard to say for sure, but it's possible that there were underlying factors contributing to his behavior. Perhaps a history of abuse or trauma played a role in his descent into violence."
416,10,"Regardless of the reasons, it's important to address the issue of gun violence and mental health in order to prevent similar tragedies from occurring in the future."
416,11,"Absolutely. We need to work towards creating a safer society where individuals have access to the help and support they need, rather than resorting to violence."
416,12,"I couldn't agree more. It's a complex issue that requires a multi-faceted approach, including stricter gun control measures and improved mental health services."
416,13,"Yes, and it's crucial for communities to come together and support one another in times of crisis. By fostering a sense of unity and compassion, we can help prevent such senseless acts of violence."
416,14,"I hope that through education and awareness, we can create a society where acts of violence are no longer the norm."
416,15,"Absolutely, and it starts with each and every one of us. We all have a role to play in promoting peace and understanding."
417,6,What do you think the world should do about this?
417,7,I think it should be a global issue and that people should not be allowed to go to the countries where this is happening
417,8,I don't think that's realistic though.  People are going to go where they want to go
417,9,I think the government should take a stronger stance against this.  It is a national security issue and should be treated as such
417,10,I agree with you.  I think the US should take the lead and help stop this from happening
417,11,"Yes, but it will be hard to get other countries to follow suit"
417,12,"I agree, but I think it is important that the US take a strong stance on this issue"
417,13,"I agree with you, but I think the government should be doing more to stop this crime"
417,14,I think the government should be doing more.  I also think it is important that people get involved and do something to help
417,15,"I agree with you, but I also think that we should be careful not to overstep our bounds and infringe on people's rights"
419,6,It was even worse than I thought. I can't even imagine what it must be like to live in those conditions.
419,7,"I think it's sad that people are willing to do anything for money, even if it means taking innocent lives."
419,8,It's really disgusting. I don't understand why people would do something like that.
419,9,I agree. It's a crime against humanity.
419,10,"Yeah, it's just a sad reality of the world we live in."
419,11,It's just really heartbreaking. I wish there was something we could do to help.
419,12,Maybe we could donate to organizations that are working to protect these animals.
419,13,That's a great idea. Every little bit helps.
419,14,"Yeah, I think we should definitely do that."
419,15,Agreed. It's important to support the efforts to protect these innocent animals.
421,6,"Yes, I was wondering why it was mentioned.   I think it is to show how people can be driven to these actions by the loss of a child."
421,7,It is a little sad when you think about it
421,8,"it is, but it is also very disturbing.   I am glad I am not a parent though."
421,9,I agree.   I cant even imagine what it would be like to lose a child.
421,10,"Yea, it is very sad.   I am glad there is something we can do for the mothers who have lost their children though."
421,11,"Yes, there is.  We can donate to the organizations that help the mothers and their children."
421,12,"Yes, that is a great idea."
421,13,It is so sad though that it has to come to this.
421,14,Yes it is.   I hope one day there will be no need for such organizations.
421,15,I hope so too.   It is just very sad.
422,6,It's really a shame how much of the system is designed to punish rather than to rehabilitate.
422,7,"I agree, and it's especially hard to see how someone like Shelton and his brothers have been impacted by this."
422,8,"Yes, and it makes you wonder what else is going on in these children's lives that we don't know about."
422,9,It's really hard to imagine what it must have been like for them growing up in that kind of environment.
422,10,"It's a heartbreaking situation, and one that really highlights the need for reform in our social and criminal justice systems."
422,11,"Yes, we need to do more to help these kids and their families, and to create a more just and compassionate society."
422,12,"Absolutely, and it's important to remember that behind every statistic and every policy decision, there are real people with real stories and real lives."
422,13,"Yes, and we need to do everything we can to ensure that their stories are heard and their needs are met."
422,14,"Agreed, and it's important to keep pushing for change and advocating for those who are most vulnerable and marginalized in our society."
422,15,"Yes, we all have a role to play in creating a more just and equitable world, and it's up to us to take action and make a difference."
423,6,I agree. It's essential to recognize the broader context when discussing personal journeys. I wonder if the article touched on any of those aspects?
423,7,I'm not sure. But it's crucial to acknowledge that individual stories can be influenced by external factors beyond the individual's control.
423,8,"Absolutely. It's not always as simple as just ""turning your life around."" Many factors, including support systems, access to resources, and personal resilience, can play a significant role."
423,9,That's true. The article could have explored how Shelton's experiences shaped his perspective and motivated him to help others in similar situations.
423,10,It would have been interesting to learn more about his interactions with people he encountered on his journey. How did those connections contribute to his transformation?
423,11,"Yes, understanding the impact of relationships and the power of human connection can provide valuable insights into personal growth and resilience."
423,12,"I agree. It would have been compelling to hear about the people who supported and believed in Shelton, even when he faced adversity."
423,13,Absolutely. Stories of resilience and transformation often highlight the importance of empathy and compassion in creating positive change.
423,14,That's a great point. It's not just about Shelton's personal journey but also the broader societal implications of his experiences.
423,15,"Definitely. It's a reminder that we all have the potential to make a difference, regardless of our past or circumstances."
426,6,"It's so sad, but it is nice to see they are able to help others"
426,7,They do a great job.  I hope they continue to help people
426,8,Me too.  I hope they are able to help more people in the future
426,9,I wonder what it's like being a foster parent
426,10,I'm not sure.  I don't think I could handle the responsibility
426,11,I think it would be an incredible experience to be able to help children in need
426,12,I agree.  It takes a lot of patience and love
426,13,I wonder if they get paid for their work
426,14,"I'm not sure.  I think they do, but I'm not sure how much"
426,15,"I'm sure they do, they are doing a great job and helping so many children."
427,6,"Yes, it's a tragedy.  I really don't know what to do about it."
427,7,I think the international community needs to put more pressure on the Burmese government to address the human rights abuses and allow for more freedom and democracy.
427,8,That's a good point.  I also think it's important for people to educate themselves and raise awareness about the situation in Burma.
427,9,Definitely.  We can't just turn a blind eye to what's happening there.
427,10,I agree.  It's heartbreaking to think about the people who are suffering and the challenges they face.
427,11,"Yes, it really puts things into perspective.  We often take our own freedoms and rights for granted."
427,12,Absolutely.  We need to remember that not everyone is as fortunate as we are.
427,13,It's a reminder that we should always be grateful for what we have and work towards creating a more just and equitable world.
427,14,Well said.  It's important to stand in solidarity with those who are facing injustice and to advocate for change.
427,15,I couldn't agree more.  Let's continue to educate ourselves and others about the situation in Burma and support organizations working towards a better future for the Burmese people.
428,6,"I agree, Shelton's story is a testament to the resilience of the human spirit. It's amazing how he was able to overcome his own hardships and use his experiences to make a positive difference in the lives of others."
428,7,Absolutely. It also highlights the importance of support systems and the impact they can have on someone's life. Shelton's involvement with the church and the mentoring program played a crucial role in his journey.
428,8,"Yes, having a strong support network can make all the difference in overcoming challenges and achieving personal growth. It's important for individuals to surround themselves with people who believe in their potential and encourage their development."
428,9,"I think Shelton's story also emphasizes the importance of empathy and understanding. By sharing his own struggles and experiences, he was able to connect with others and provide them with the support they needed."
428,10,"Definitely. Empathy and understanding are key in creating a compassionate and inclusive society. By listening to others' stories and experiences, we can gain a deeper understanding of their struggles and work towards creating a more supportive and equitable world."
428,11,"I agree, Shelton's story is a testament to the resilience of the human spirit. It's amazing how he was able to overcome his own hardships and use his experiences to make a positive difference in the lives of others."
428,12,"Absolutely. It also emphasizes the importance of empathy and understanding. By sharing his own struggles and experiences, he was able to connect with others and provide them with the support they needed."
428,13,"Yes, empathy and understanding are key in creating"
428,14,I see.
428,15,I see.
432,6,"I agree with you, I think she should do more to improve the situation"
432,7,"Yes, I think the country needs more stability and better living conditions"
432,8,"Definitely, but it is not an easy task to bring about such changes"
432,9,"It is true, but I think she needs to work harder and find a way to address the people's needs"
432,10,"I hope she does, Burma has a lot of potential and it is important for the people to have a voice"
432,11,"Yes, the people of Burma deserve a better life and it is up to the government to make it happen"
432,12,"I think it will take time and effort, but I am hopeful that things will improve in the future"
432,13,"I hope so too, it would be great to see Burma thrive and prosper"
432,14,"Yes, it would be amazing to see the country reach its full potential"
432,15,Let's hope for the best and continue to support Burma in any way we can.
433,6,I agree.  The son was very involved in the murder and coverup.
433,7,I wonder what motivated him to do such a thing.
433,8,It is possible he was paid off by the mother.
433,9,I wonder if the mother knew about it.
433,10,It is possible she was paid off and she knew about it.
433,11,It is possible the mother was not paid off but was involved in the coverup.
433,12,"Yea, that could be possible."
433,13,It is also possible that the mother did not know about the murder and the coverup.
433,14,"I agree, the mother was not involved in the murder or the coverup."
433,15,"Yea, the mother was not involved in the murder or the coverup."
438,6,Thank you. It's been a long road to recovery.
438,7,I can only imagine.
438,8,"Yeah, it's tough."
438,9,"I know, but you're doing great."
438,10,"Thank you. It's been a lot, but I'm slowly getting better."
438,11,I'm glad to hear that.
438,12,I think it's important for people to understand the impact of trauma and how it can affect someone's life.
438,13,Absolutely. It's important to be aware of our own mental health and take care of ourselves.
438,14,"Yes, and it's also important to have a support system and seek help when needed."
438,15,Agreed. Thank you for sharing your story with us.
439,6,the victim was stabbed multiple times and the suspect is still on the loose
439,7,it is so sad
439,8,The details about the suspect's motive and the investigation are still unclear
439,9,I hope they catch the suspect soon
439,10,yes
439,11,the suspect is still on the loose
439,12,the suspect is still on the loose
439,13,the suspect is still on the loose
439,14,the suspect is still on the loose
439,15,the suspect is still on the loose
442,6,It's just sad how vulnerable victims can be in such situations
442,7,"Yes, it's important to raise awareness and educate people about the signs of trafficking and how to report it"
442,8,"Absolutely, and it's crucial to provide support and resources for survivors like Amanda"
442,9,I wonder if there are any organizations or initiatives dedicated to helping victims of trafficking
442,10,There are definitely organizations that focus on supporting survivors and advocating for their rights
442,11,"It's great to see that there are efforts being made to combat trafficking, but there's still a long way to go"
442,12,"Definitely, we need to continue raising awareness and working towards prevention and prosecution of traffickers"
442,13,"Absolutely, and it's important for individuals to stay informed and take action when they suspect trafficking is occurring"
442,14,"Agreed, everyone has a role to play in ending this horrific crime"
442,15,I hope that Amanda's experience serves as a wake-up call and motivates others to get involved in the fight against human trafficking.
443,6,"Yes, it is.  I have read that the Rohingya have been facing persecution for decades, with limited access to education, healthcare, and basic rights."
443,7,It's tragic to see that their situation has only worsened under the current government.
443,8,Absolutely. The government's refusal to address the crisis and protect the Rohingya population is deeply troubling.
443,9,I agree. The international community needs to take stronger action to ensure the safety and well-being of the Rohingya people.
443,10,"Yes, it's important to raise awareness about the situation and put pressure on the government to fulfill its obligations."
443,11,Absolutely. We must stand in solidarity with the Rohingya community and advocate for their rights and dignity.
443,12,I hope that the situation improves soon and that the Rohingya people can live in peace and freedom.
443,13,Me too. It's heartbreaking to see innocent people suffering and being denied their basic rights.
443,14,Let's continue to support organizations that are working towards improving the situation and providing assistance to the Rohingya people.
443,15,"Definitely. Together, we can make a difference and help bring about positive change."
444,6,The fact that the father was the abuser was so disturbing.
444,7,"Yes, it's a sad reality that some people resort to violence and abuse. What do you think can be done to prevent such situations?"
444,8,I believe education and awareness are key. Teaching children about healthy relationships and how to recognize and report abuse can make a difference.
444,9,"Absolutely, and it's important for society as a whole to address the underlying issues that contribute to abuse."
444,10,"I agree, we need to create a culture of respect and empathy."
444,11,It's also crucial for victims to have access to support and resources to help them break free from abusive situations.
444,12,"Yes, providing safe spaces and counseling services can make a significant impact."
444,13,We also need stronger laws and enforcement to hold abusers accountable for their actions.
444,14,I think it's important for communities to come together and support each other in preventing and addressing abuse.
444,15,"Agreed, by working together, we can create a safer and more compassionate society."
445,6,"I agree, it's shocking and heartbreaking."
445,7,I wonder what drove them to do such a thing?
445,8,Maybe they were going through a difficult time and took it out on her?
445,9,"That could be a possibility. I mean, it's hard to understand why someone would harm their own child, but maybe they were dealing with some kind of mental health issue or trauma?"
445,10,It's definitely a complex situation. I hope Amanda can find some healing and support now that she's in prison.
445,11,Me too. It's such a tragedy.
445,12,It really is. I can't imagine what she must be going through.
445,13,It's heartbreaking. I hope she gets the help she needs.
445,14,"I agree. It's important to remember that she's a person who made a mistake, and she deserves compassion and understanding."
445,15,Definitely. It's important to approach these kinds of situations with empathy and a willingness to learn from them.
460,6,It is very easy to feel powerless in the face of such overwhelming ecological destruction.  But there are things that we can do to make a difference.  It starts with making a commitment to our own personal ecological footprint.
460,7,"Yes, we can start by reducing our consumption of goods and services that have a high environmental cost.  And we can support businesses and organizations that are committed to sustainability and environmental stewardship."
460,8,"That's true, but it can be difficult to know which products and services are truly environmentally friendly.  It is important to do research and to look for certifications and third-party verifications."
460,9,"Absolutely, and we can also support legislation and policies that promote sustainability and protect the environment.  We can vote for candidates who prioritize environmental issues and we can advocate for change in our communities and workplaces."
460,10,"Yes, and we can also educate ourselves and others about the importance of environmental conservation and the impact that our actions have on the planet.  We can spread awareness and inspire others to take action."
460,11,"That's a great point.  It is important to remember that we are all connected and that our actions have a ripple effect.  By making small changes in our own lives, we can make a big difference in the world."
460,12,"Absolutely.  It starts with each and every one of us.  Together, we can create a more sustainable and resilient future for ourselves and for future generations."
460,13,I couldn't agree more.  Thank you for this conversation.  It has been inspiring and thought-provoking.
460,14,Thank you as well.  Let's continue to work together to protect our planet and to create a better world for all.
460,15,"Yes, let's do it."
462,6,I think there should be more stringent safety protocols.  There are too many times where the cost of not following protocols is less than the cost of following them.
462,7,"Yes, that is true.  It is not only a safety issue but an ethical issue as well."
462,8,The article mentions that they have a very high safety record.
462,9,"Yes, I think it's a matter of perception.  They have a lot of safety protocols but maybe the media only reports on the accidents."
462,10,"Maybe, but I think the accidents are because of a lack of safety protocols."
462,11,I think there should be a review of all safety protocols to make sure they are adequate.
462,12,"Yes, I agree."
462,13,I think it's also important to note that the company is not the only one responsible for safety.  The government and other stakeholders also need to ensure that safety protocols are followed.
462,14,That is true.  It is a collective responsibility.
462,15,I agree.
463,6,it is sad that it has to come to that.
463,7,I am just so sad.
463,8,I am sad too.
463,9,it really is sad
463,10,I feel so sorry for the animals as well.
463,11,I am so sad
463,12,I am sad too
463,13,I am sad
463,14,I am so sad
463,15,I am sad too
466,6,"I think it's important to educate people about the harmful effects of smoking, not just ban it outright. That way, individuals can make informed choices."
466,7,"Absolutely, education is key. If people understand the risks and consequences, they are more likely to make healthier decisions."
466,8,"It's also worth considering the economic impact of banning smoking in public places. Many businesses rely on smokers for revenue, so such a ban could have unintended consequences."
466,9,That's a valid point. It's a delicate balance between protecting public health and supporting the economy.
466,10,"Yes, it's important to find a solution that takes into account both health and economic factors."
466,11,"I wonder if there are any alternative approaches to reducing smoking rates, such as increasing taxes on cigarettes or implementing smoke-free zones."
466,12,"Those are interesting ideas. Increasing taxes could discourage smoking, while smoke-free zones would create a healthier environment for everyone."
466,13,It would be worth exploring these options further and considering their potential impact on both public health and the economy.
466,14,Agreed. It's important to approach this issue with a comprehensive and evidence-based approach.
466,15,"Definitely. By considering multiple perspectives and weighing the pros and cons, we can find a solution that benefits everyone."
467,6,No you are not.  Because the law is law and it's the right thing to do
467,7,I agree with you
467,8,"yes, and i was also thinking that it was very good for the health of the kids."
467,9,"Yes, and i think it is good for the health of the people around them."
467,10,"Yes, and i think it is good for the health of the people around them."
467,11,"Yes, and i think it is good for the health of the people around them."
467,12,"Yes, and i think it is good for the health of the people around them."
467,13,"Yes, and i think it is good for the health of the people around them."
467,14,"Yes, and i think it is good for the health of the people around them."
467,15,"Yes, and i think it is good for the health of the people around them."
470,6,"I know what you mean, but it's hard to ban something that has been around for so long."
470,7,"I know.   It's not easy to make changes, but I think it's important."
470,8,I don't think it should be banned.   It's the people who should be banned.
470,9,"Yeah, but there are people who like to smoke and want to do it in public."
470,10,"I know, but we have to keep trying to find ways to make the world a better place"
470,11,"I agree, but sometimes it seems like there is no solution."
470,12,"Well, we have to keep trying.  Maybe we will find something one day."
470,13,"I think so too.   But in the meantime, we have to be careful and protect ourselves."
470,14,"Yes, we have to be careful.   That's why I always try to avoid smoke."
470,15,Me too.   I always try to stay away from it.
473,6,"I feel like the punishment should fit the crime.  I mean, I can't imagine what that person must have done to be able to bond for such a small amount."
473,7,"I agree, this is beyond unacceptable.  It's not just the animal that is being harmed, it's the ecosystem and the environment as well."
473,8,I also think that he should be sentenced to a long prison term.  He needs to be removed from society for a long period of time to be able to think about what he has done.
473,9,I think that should be the case.  He has done a horrible thing.  I hope the courts will see that and not just slap him with a fine.
473,10,I hope so too.  This is such a sad story.
473,11,It is.  I hope that this person realizes the impact that he has on the environment and the animal kingdom.
473,12,I hope so too.  This person needs to learn his lesson and never do this again.
473,13,I hope so too.  This person needs to be held accountable for his actions.
473,14,I hope so too.  This person needs to be punished for his crimes against nature.
473,15,I hope so too.
474,6,"Yes, I have seen them do that before.  They are in the wild and they do that for mating and to protect their young."
474,7,I find it amazing how much animals know and do for each other
474,8,It makes me wonder how much they know of us
474,9,"I have no idea.  I guess we are the same, but they don't have to worry about us"
474,10,That's a good point.  It's hard to imagine how much we don't know about them
474,11,I just wish people could be more considerate of animals
474,12,"Yes, me too.  They are not stupid"
474,13,I agree.  They just don't have the same reasoning skills that we do
474,14,That's true.  It's hard to think of what they are thinking
474,15,I wonder how much of a reason they are doing that dance is to get us to do something for them.
475,6,I can't even imagine.
475,7,I can't either.
475,8,"I think it's more likely drugs, yeah."
475,9,I think that is more likely too.
475,10,I think it is more likely drugs and anger management issues.
475,11,I think it is drugs and childhood trauma with a flamingo.
475,12,I think it is drugs and childhood trauma with a flamingo.
475,13,I think it is drugs and childhood trauma with a flamingo.
475,14,I think it is drugs and childhood trauma with a flamingo.
475,15,I think it is drugs and childhood trauma with a flamingo.
476,6,I would have thought they had the flamingo pen on a chain.
476,7,That is a good idea
476,8,I have been to Busch Gardens and they have flamingos and it is very fun to watch them
476,9,I guess that is what the flamingos are there for
476,10,"Yes, and they are beautiful.  I wish I could have seen them."
476,11,Me too.  I also wish I could have seen the flamingo attack.
476,12,Yes it was tragic.  It was sad to read that the flamingo was attacked by a human.
476,13,It is sad that flamingos are killed by humans.
476,14,It is sad.  I do not understand why people do this.
476,15,I do not understand why people would want to kill flamingos.
477,6,It's a scary world we live in.
477,7,It's terrifying that there are people out there like that.
477,8,What do you think happened to the man that did this?
477,9,"I don't know, I guess he was arrested."
477,10,Yeah.  He could have been charged with animal cruelty.
477,11,I wonder if he got a prison sentence?
477,12,I hope so.
477,13,I'm sure he did.
477,14,I agree.
477,15,I hope he gets a life sentence.
479,6,"I agree, the compensation should reflect the magnitude of the disaster and the long-term consequences."
479,7,"It's not just about the money, though. The affected people also need support in rebuilding their lives and finding alternative sources of income."
479,8,"Absolutely, it's a complex issue that requires a holistic approach."
479,9,I wonder if there are any ongoing efforts to address the environmental damage and restore the river ecosystem.
479,10,"Yes, there are conservation organizations working on restoration projects, but it will take time and significant resources."
479,11,It's important for the government and relevant stakeholders to prioritize the well-being of the affected communities and ensure they receive the necessary assistance.
479,12,"Agreed. The rehabilitation process should be comprehensive and inclusive, involving the participation of the local communities."
479,13,I hope the lessons learned from this disaster are not forgotten and that measures are taken to prevent similar incidents in the future.
479,14,"Absolutely, disaster preparedness and effective governance are crucial in mitigating the impacts of such events."
479,15,"It's a challenging situation, but I believe with the right support and collaborative efforts, the affected communities can rebuild their lives and restore the river ecosystem."
484,6,"I know, it's not fair.  People have to drink water that is contaminated"
484,7,I wonder if they will be able to clean it up?
484,8,"I hope so, but I doubt it."
484,9,"I agree, the government should be held accountable for this"
484,10,"I think they will have to do a lot of work to clean it up, it won't be easy"
484,11,I hope they can find a way to make it safe for the locals to drink
484,12,I really hope so too.  It's not fair that they have to suffer because of someone else's negligence
484,13,"Agreed, we should all work together to prevent disasters like this from happening again"
484,14,"Absolutely, it's important to hold those responsible accountable for their actions."
484,15,I hope the people affected by this disaster can recover and rebuild their lives.
485,6,"Yes, it's a devastating situation for them. They rely on the river for their food and income."
485,7,It's a reminder of the importance of environmental conservation and responsible mining practices.
485,8,"Absolutely, we need to prioritize the protection of our natural resources and ensure that such disasters are prevented in the future."
485,9,I hope the government takes swift action to address the consequences of the dam collapse and provide support to the affected communities.
485,10,"Yes, it's crucial that they take responsibility for the environmental and social impacts of the disaster."
485,11,"In addition to immediate assistance, I think long-term solutions are also needed to restore the river ecosystem and support the livelihoods of the affected communities."
485,12,"That's a good point. It's not just about providing temporary relief, but also about creating sustainable solutions for the future."
485,13,I agree. It's a complex issue that requires a multi-faceted approach.
485,14,I hope that lessons are learned from this disaster and that steps are taken to prevent similar incidents in the future.
485,15,"Absolutely, we can't afford to repeat the same mistakes. The well-being of our planet and its inhabitants should always be a priority."
487,6,"Absolutely, it's important for the mining company to take responsibility and compensate the affected community for their loss."
487,7,"I agree, the community should not bear the brunt of the company's negligence. They should receive fair compensation for their suffering."
487,8,It's also important for the government to step in and ensure that proper regulations are in place to prevent such disasters from happening again.
487,9,"Definitely, stricter regulations and oversight are necessary to ensure the safety and well-being of both the environment and the people living in the affected areas."
487,10,I hope the article also discusses the long-term impact of the disaster on the environment and how measures are being taken to restore and rehabilitate the affected ecosystem.
487,11,That would be informative and would give us a better understanding of the scope of the disaster and the efforts being made to mitigate its effects.
487,12,"Agreed, it's important to have a comprehensive view of the situation in order to fully grasp the magnitude of the disaster and the steps being taken to address it."
487,13,"I hope the article provides more details on the ongoing cleanup and restoration efforts, as well as any plans for future prevention and preparedness."
487,14,"Yes, that would be valuable information to have. It's crucial to learn from past mistakes and take proactive measures to prevent similar disasters in the future."
487,15,"I agree, the article should provide a balanced perspective on the disaster, highlighting both the immediate impact and the long-term implications."
489,6,"I was just reading an article that says palm oil is cheaper than corn oil, and it is the most consumed oil in the world."
489,7,That is interesting. I did not know that.
489,8,"I heard palm oil was cheap because it is cheaper to grow than corn or soybeans, but I guess the cost of life is not cheap."
489,9,"I feel like we are always looking for a cheaper way to produce things, but we always end up paying more for it in the end."
489,10,"Yeah, I feel like we always end up paying for things with our health."
489,11,I think the world needs to look for a way to produce things that is not harmful to people.
489,12,"I agree, but I think that it is hard to do that when it is cheaper to use something that is harmful."
489,13,"Yeah, I think the government needs to step in and make it illegal to produce things that are harmful to people."
489,14,"I agree, but I don't think that would work."
489,15,I think the people need to take responsibility and stop buying things that are harmful.
490,6,"That is true, the rhinos are gone and the elephants will likely be gone in the next decade.  It is so sad."
490,7,"I know, the world needs to get off of this drug.  I know it is illegal, but it is so profitable and the world is so far gone that the demand will never decrease."
490,8,"Yeah, and that is not the only thing humans are destroying.  We are destroying the planet for profit."
490,9,"I agree.  We need to go back to the earth and respect it.  I am not sure what will happen in the future, but I do not want to be around to see it."
490,10,I think that is true.  I think that we need to go back to nature.
490,11,I agree.  I think that is true.  I think that we need to go back to nature.
490,12,Me too.  I think that is true.  I think that we need to go back to nature.
490,13,I agree.  I think that is true.  I think that we need to go back to nature.
490,14,I agree.  I think that is true.  I think that we need to go back to nature.
490,15,I agree.  I think that is true.  I think that we need to go back to nature.
492,6,"It's a complex issue, I think. On one hand, we want to protect animals and ensure their well-being. But on the other hand, there are legal considerations and resources that need to be taken into account."
492,7,That's true. It's not an easy problem to solve. Do you think stricter regulations could help prevent cases like this in the future?
492,8,"I believe stricter regulations could certainly make a difference. By imposing harsher penalties and closely monitoring the treatment of animals, we can deter potential abusers and hold them accountable for their actions."
492,9,"But we also need to address the underlying issues that drive people to mistreat animals. Poverty, lack of education, and cultural practices can all contribute to these situations."
492,10,"You're right. It's important to take a holistic approach and address the root causes of animal abuse. This includes providing education and resources to communities, promoting ethical treatment of animals, and enforcing stricter regulations."
492,11,"Absolutely. It's not just about punishing the offenders, but also working towards long-term solutions that prevent animal abuse from happening in the first place."
492,12,"I think it's also crucial to involve the local communities and raise awareness about the importance of animal welfare. By educating people and fostering a sense of responsibility towards animals, we can create a culture of compassion and respect."
492,13,"I couldn't agree more. It's a collective effort that requires collaboration between government agencies, animal welfare organizations, and the public. Together, we can make a difference and ensure a better future for animals."
492,14,Let's hope that steps are taken to prevent similar cases in the future and protect animals from unnecessary suffering.
492,15,"Yes, let's continue to raise awareness and advocate for stronger animal protection laws. Every animal deserves to be treated with kindness and respect."
493,6,I agree.   I had not heard about it before
493,7,"Yes, that is why it is so important to read the news"
493,8,I have read a lot of articles about it but I didn't know that many elephants were killed.
493,9,"I know, it is a lot.   It makes me want to do something"
493,10,I have seen a lot of pictures about the elephants that were killed
493,11,That is why I feel sad.   I hope something will be done soon
493,12,I hope so too.   I would like to see them all
493,13,"Yes, me too.   I hope that the elephant situation will improve"
493,14,I hope so.   I would like to see them all
493,15,I hope so too.   I would like to see them all
494,6,Absolutely. It's a shame that the owner is allowed to keep the license and continue exploiting Nosey's suffering for his own gain. It raises questions about the effectiveness of current licensing systems and the need for stronger animal protection laws.
494,7,"Yes, I agree. It's disheartening to see animals being mistreated and the authorities turning a blind eye to it. We need stricter enforcement and penalties to ensure the well-being of animals in such cases."
494,8,It's also concerning to think about how many other animals might be suffering in similar situations. The lack of oversight and accountability is a major issue that needs to be addressed.
494,9,Definitely. It's important for us to advocate for stronger animal protection laws and raise awareness about the plight of animals like Nosey. They deserve better treatment and care.
494,10,I couldn't agree more. We need to push for change and work towards a society where animals are treated with compassion and respect.
494,11,Absolutely. It's our responsibility as humans to protect and care for the animals we share this planet with. We can't turn a blind eye to their suffering any longer.
494,12,I completely agree. We need to take action and make a difference in the lives of animals like Nosey.
494,13,I'm glad we share the same views on this. Let's continue to raise awareness and advocate for stronger animal protection laws.
494,14,"Definitely. Together, we can make a difference and ensure a better future for animals like Nosey."
494,15,I'm glad we had this conversation. It's important to discuss these issues and work towards a more compassionate and humane society for animals.
497,6,"Yeah, it was pretty surprising"
497,7,I agree.  I was thinking that the military should not have female pilots.
497,8,Why?  It doesn't matter if it is a male or female.
497,9,I agree.  I don't think there is a difference between the genders
497,10,I don't think so either
497,11,I am not sure why they did not allow female pilots in the military
497,12,I don't know
497,13,I think it is just because there are not enough female pilots in China
497,14,I agree.  If there were more female pilots in China then they could allow for female pilots in the military
497,15,I hope that one day China will have more female pilots
498,6,"Yea, I agree.  She was such a strong and inspiring leader."
498,7,I think she made a huge difference in the community.
498,8,Absolutely.  Her death is a great loss to the community.
498,9,It's a shame that her story is now in the news.
498,10,I wonder if her family is doing okay?
498,11,I hope so.  It must be devastating for them.
498,12,I agree.  I hope they can find some closure and peace.
498,13,Me too.  It's a tragedy that could have been avoided.
498,14,It's a reminder to always be cautious and aware of our surroundings.
498,15,"Yes, safety should always be a top priority."
499,6,I wonder if she had any family members with her on the plane
499,7,"I don't think so, it was a solo training flight"
499,8,It's just sad that she had to lose her life for the sake of her country's pride and progress
499,9,"Yes, she will always be remembered as a pioneer and hero in the field of aviation"
499,10,"I agree, her sacrifice should not be forgotten and her legacy should continue to inspire future generations"
499,11,I hope she is given a proper burial and her family is honored for her service
499,12,"I'm sure they will, her death will not be in vain"
499,13,"Yea, she was a true patriot and her story will live on in the history books"
499,14,"Absolutely, she will always be remembered as a trailblazer and a symbol of courage and determination"
499,15,I'm sure she would be proud to know that her achievements continue to inspire others to reach for the skies
500,6,I agree. It's important to honor and remember individuals like Yu Xu who have made significant contributions to their respective fields.
500,7,Definitely. We should also take this opportunity to reflect on the importance of safety measures and training in high-risk professions.
500,8,That's true. It's crucial for organizations and institutions to prioritize the well-being and security of their personnel.
500,9,Absolutely. The tragic accident serves as a somber reminder of the risks involved and the need for continuous improvement in safety protocols.
500,10,"Yes, we should learn from such incidents and strive to create safer environments for everyone involved."
500,11,I hope that this serves as a wake-up call for the aviation industry and other fields where lives are at stake.
500,12,"Agreed. It's a tragic loss, but it also presents an opportunity for growth and change."
500,13,Absolutely. We must honor Yu Xu's memory by working towards a safer and more secure future.
500,14,"Yes, let's not forget her legacy and the impact she had on the world."
500,15,Absolutely. We owe it to her and to future generations to ensure that her sacrifice was not in vain.
506,6,"I agree, it's truly devastating. I hope they find a safe haven"
506,7,Me too. I feel for them so much
506,8,It's such a difficult situation for them. I can't even begin to understand what they're going through.
506,9,I wonder how they feel about the situation now
506,10,I feel sorry for them. I don't know what they're thinking about right now
506,11,I wonder what they are thinking about
506,12,I think they must be feeling a lot of fear and uncertainty
506,13,I wonder how long they will be in this situation
506,14,I wonder if they are considering other options
506,15,I wonder if they are considering leaving Iraq altogether
507,6,"It's important for parents to always be vigilant and ensure the safety of their children, especially in apartments where accidents can happen more easily."
507,7,Definitely. It's a lesson learned for sure. They should have been more cautious.
507,8,I wonder if there are any guidelines or regulations for childproofing windows in high-rise buildings.
507,9,"I think there are, but maybe not all buildings follow them strictly. It's a matter of enforcement."
507,10,"Yes, that's true. It's crucial for building owners and management to prioritize the safety of their tenants, especially when it comes to young children."
507,11,I hope this incident serves as a wake-up call for everyone to be more mindful of child safety in apartment buildings.
507,12,"Absolutely. It's a reminder that accidents can happen to anyone, and it's our responsibility to take necessary precautions."
507,13,I hope the family can find some solace and support during this difficult time.
507,14,"Yes, I hope they are able to heal and move forward. It's a tragedy that could have been prevented."
507,15,Let's spread awareness about child safety in high-rise buildings and encourage others to take necessary measures to protect their children.
513,6,Yes.  What did you think of the solution that was proposed?
513,7,I think it was a good solution.
513,8,Do you think the US should accept more refugees?
513,9,I think so.
513,10,I agree.
513,11,I don't know.
513,12,What about the people who are already in the US?
513,13,I think the US should accept more refugees.
513,14,I agree.
513,15,I think the US should accept more refugees.
514,6,I agree. The scars of war are deep and take time to heal. It's unfortunate that innocent lives were lost in the process.
514,7,"It's a shame that the religious differences are being exploited for power and control. Diversity should be celebrated, not used as a weapon."
514,8,"Yes, it's disheartening to see how intolerance and hatred can tear communities apart. We need to find ways to promote understanding and acceptance."
514,9,"Absolutely, fostering dialogue and education is crucial. We must learn from the past and strive for a future where diversity is embraced."
514,10,I couldn't agree more. It's important to stand in solidarity with those affected and work towards a more inclusive and peaceful society.
514,11,Definitely. We must support initiatives that promote religious tolerance and respect for all cultures and beliefs.
514,12,"It's a collective responsibility to create a world where everyone feels safe and valued, regardless of their religious background."
514,13,"Let's hope that through collective efforts, we can overcome the challenges faced by Iraqi Christians and other minority groups."
514,14,"Yes, let's continue to raise awareness and advocate for justice and equality. Together, we can make a difference."
514,15,I'm glad we had this conversation. It's important to stay informed and engaged in issues that affect our global community.
515,6,I thought it was very interesting.
515,7,"Yeah, it was very interesting."
515,8,I found the part about the poachers and the police very interesting.
515,9,"Yeah, the police were very irresponsible."
515,10,"Yeah, I agree with you."
515,11,"The police are supposed to protect the people and the animals, not kill them."
515,12,I agree with you.
515,13,The article was very good.
515,14,I agree with you.
515,15,I agree with you.
516,6,I agree.  I also feel the same way about the Afghan war.
516,7,It makes sense to me too.  I feel like we are not getting anywhere with these wars.
516,8,I think so too.  I feel like we should be focusing on more positive things in the world.
516,9,"Yes, I agree.  I think we should be focusing on fixing our own country first."
516,10,I agree.  I think we should be focusing on issues like education and poverty.
516,11,"Yes, those are important issues.  I think we should be focusing on those first."
516,12,I agree.  I think we should be focusing on those first.
516,13,"Yes, I agree.  I think we should be focusing on those first."
516,14,I agree.  I think we should be focusing on those first.
516,15,I agree.  I think we should be focusing on those first.
517,6,I think it's also important to consider the long-term effects of such traumatic experiences on individuals and communities.
517,7,"Yes, the psychological impact cannot be underestimated. It might take generations for them to heal and rebuild their lives."
517,8,I wonder if there are any organizations or initiatives that are working towards supporting these communities and helping them in their journey of rebuilding.
517,9,"There are definitely organizations that are providing humanitarian aid and support to the Iraqi Christians, but the scale of the challenge is immense."
517,10,It's heartbreaking to think about the loss of history and culture that these communities have experienced. I hope that efforts are made to preserve their heritage and identity.
517,11,"Absolutely, cultural heritage is invaluable and should be protected. I wonder if there are any initiatives specifically focused on documenting and preserving the history of these communities."
517,12,"I think there might be some organizations working on that, but more needs to be done. It's crucial to ensure that their voices are heard and their stories are told."
517,13,"Definitely, their stories are an integral part of Iraq's history and should be shared with the world. It's important to raise awareness and support for their cause."
517,14,I agree. It's not just about providing immediate relief but also about empowering these communities to rebuild and thrive in the long run.
517,15,"Absolutely, it's a complex issue that requires a multi-faceted approach. It's important for individuals, governments, and international organizations to come together and work towards a sustainable solution."
518,6,"I think so, I think its a bit shocking"
518,7,"Yes, it was quite shocking"
518,8,but i agree that the US should be involved
518,9,I think that the US should be involved but there is only so much the US can do
518,10,"I agree, the US can't be the world police on everything"
518,11,it would be nice to see the US involved but its not really in our power
518,12,I guess we can only hope that things get better
518,13,I hope so
518,14,I agree
518,15,I agree
519,6,I think there will be a lot of problems for the Christians in the future.
519,7,I think there will be a lot of problems for the Christians in the future.
519,8,I think there will be a lot of problems for the Christians in the future.
519,9,I think there will be a lot of problems for the Christians in the future.
519,10,I think there will be a lot of problems for the Christians in the future.
519,11,I think there will be a lot of problems for the Christians in the future.
519,12,I think there will be a lot of problems for the Christians in the future.
519,13,I think there will be a lot of problems for the Christians in the future.
519,14,I think there will be a lot of problems for the Christians in the future.
519,15,I think there will be a lot of problems for the Christians in the future.
520,6,I think the main reason is because of the religious beliefs.
520,7,"Yes, I agree."
520,8,How can people be so cruel and brutal?
520,9,It's because they think they have the right to impose their beliefs on others.
520,10,That is true.
520,11,But why can't they just let others have their own beliefs?
520,12,I think because they are afraid of what might happen if they don't impose their beliefs on others.
520,13,"Yeah, but it's still not right."
520,14,I agree.  It's just not fair.
520,15,"Yeah, I just don't understand it."
521,6,I think it's because people have different beliefs and they think their way is the right way.
521,7,"That's true, but we should respect each other's beliefs and try to find common ground."
521,8,I agree. We should promote understanding and tolerance instead of conflict.
521,9,But sometimes it's hard to change people's minds.
521,10,"Yes, it can be challenging, but we should never give up on promoting peace and harmony."
521,11,I think education plays a crucial role in bridging the gap between different religions and cultures.
521,12,"Absolutely. By learning about each other's beliefs and traditions, we can foster empathy and respect."
521,13,That's a great point. We should encourage open dialogue and create opportunities for people to interact and learn from one another.
521,14,"It's important to remember that we are all human beings, and we all deserve to be treated with dignity and respect."
521,15,I couldn't agree more. Let's work together to build a more inclusive and peaceful world.
522,6,"Yes, it must have been extremely difficult for them to leave their homes and their loved ones behind."
522,7,"Absolutely, it's heartbreaking to think about the challenges they will face in starting over in a new place."
522,8,It's a reminder of how fortunate we are to have the safety and stability of our homes.
522,9,"Yes, it's important to appreciate what we have and be grateful for the peace and security in our lives."
522,10,I wonder if there is anything we can do to support these Iraqi Christians and help them in their journey.
522,11,That's a great question. Maybe we can raise awareness about their situation and find organizations that provide assistance to displaced communities.
522,12,"Yes, every little bit helps. Let's do some research and see how we can make a difference."
522,13,I agree. It's important to stand in solidarity with those who are facing such immense challenges.
522,14,Absolutely. We should use our voices to advocate for their rights and support their efforts to rebuild their lives.
522,15,I'm glad we had this conversation. It's important to stay informed and take action when we can.
523,6,I don't know.   I think we should try to help the people first before helping the animals.
523,7,"I agree, but how would we do that?"
523,8,Maybe we could send supplies to help the people rebuild their homes?
523,9,That's a great idea.  I'll start a GoFund to help them.
523,10,That's awesome.   I'll help you.
523,11,Yeah me too.  I'll spread the word to my friends and family.
523,12,I'll help too.   I'll start a GoFund to help the animals.
523,13,I'll help you guys.   I'll start a GoFund to help the people.
523,14,I think we should help both the people and the animals.   They are both in need.
523,15,"Yeah, that's a great idea.   Let's do it!"
525,6,"I think that it is important to be aware of these situations, as they are not widely known."
525,7,"Yes, I agree. It's easy to become complacent and assume that such events only happen in other parts of the world."
525,8,It's important to educate ourselves about these issues so that we can work towards a more just and equitable world.
525,9,"Absolutely. We cannot turn a blind eye to the suffering of others, especially when it is caused by factors beyond their control."
525,10,I think it's important to support organizations that are working to alleviate the plight of Iraqi Christians and other marginalized communities.
525,11,"Yes, and we should also advocate for policies that protect the rights of all individuals, regardless of their religious or ethnic background."
525,12,"I couldn't agree more. We have a responsibility to stand up for justice and equality, even if it means challenging the status quo."
525,13,Absolutely. We must never forget that our actions have the power to make a difference in the lives of others.
525,14,It's important to remember that we are all connected and that the well-being of one person is intimately tied to the well-being of others.
525,15,"I think that if we can cultivate a sense of empathy and compassion for those who are suffering, we can begin to build a more just and equitable world."
526,6,I was shocked
526,7,"Yes, it is.  It was very sad to see how Christians are being treated."
526,8,"The article said that the Christian population of Mosul had dwindled from 400,000 to less than 5,000."
526,9,"Wow, that is a huge decrease.  I wonder why the Christian population of Mosul is so low."
526,10,"Maybe it is because of the war, and people are leaving the city."
526,11,"Yes, that is possible.  The article also said that the Christians are facing persecution from the Islamic State."
526,12,That is terrible.  I hope the Christians in Mosul are safe.
526,13,Me too.  It is important for people to have the freedom to practice their religion without fear.
526,14,I agree.  Everyone should be able to worship in peace.
526,15,I hope the situation in Mosul improves soon.
530,6,I think I would try to escape and find help.
530,7,I would try to find a way to fight back
530,8,I think I would try to find a way to hide.
530,9,I would try to find a way to escape.
530,10,I would try to hide.
530,11,I think I would try to find a way to escape.
530,12,I would try to find a way to fight back.
530,13,I would try to find a way to hide.
530,14,I would try to find a way to escape.
530,15,I would try to find a way to fight back.
531,6,I hope the situation in Mosul improves soon. The innocent lives that have been affected are unimaginable.
531,7,"Yes, it's a tragedy that could have been avoided if there was more understanding and acceptance of different beliefs."
531,8,It's a reminder that we should never take our freedoms and rights for granted.
531,9,"Definitely, we need to stand up against intolerance and discrimination in all its forms."
531,10,I couldn't agree more. It's important to promote unity and respect for diversity.
531,11,"Absolutely, and we should also strive to educate ourselves and others about different cultures and beliefs."
531,12,That's a great point. Education plays a crucial role in fostering understanding and tolerance.
531,13,I hope that the situation in Mosul serves as a wake-up call for the rest of the world to take action against religious persecution.
531,14,Let's hope so. It's our responsibility to stand up for justice and equality.
531,15,"Definitely, we should never remain silent in the face of injustice. Together, we can make a difference."
